{"cameraMode":{"drawMode":0,"name":"Shaded","section":"Shading Mode"},"sceneLighting":true,"audioPlay":false,"sceneViewState":{"m_AlwaysRefresh":false,"showFog":true,"showSkybox":true,"showFlares":true,"showImageEffects":true,"showParticleSystems":true,"showVisualEffectGraphs":true,"m_FxEnabled":true},"in2DMode":false,"pivot":{"x":0.7825031280517578,"y":-0.2174668312072754,"z":-3.799862861633301},"rotation":{"x":0.15641149878501893,"y":0.7489359378814697,"z":-0.19043591618537904,"w":0.6151198148727417},"size":5.7481889724731449,"orthographic":true}