{"cameraMode":{"drawMode":0,"name":"Shaded","section":"Shading Mode"},"sceneLighting":true,"audioPlay":false,"sceneViewState":{"m_AlwaysRefresh":false,"showFog":true,"showSkybox":true,"showFlares":true,"showImageEffects":true,"showParticleSystems":true,"showVisualEffectGraphs":true,"m_FxEnabled":true},"in2DMode":false,"pivot":{"x":-1.4381208419799805,"y":4.175333023071289,"z":-1.2922935485839844},"rotation":{"x":-0.06704423576593399,"y":0.44529736042022707,"z":-0.033459898084402087,"w":-0.8922480940818787},"size":3.70141863822937,"orthographic":true}