{"cameraMode":{"drawMode":0,"name":"Shaded","section":"Shading Mode"},"sceneLighting":false,"audioPlay":false,"sceneViewState":{"m_AlwaysRefresh":false,"showFog":true,"showSkybox":false,"showFlares":true,"showImageEffects":true,"showParticleSystems":true,"showVisualEffectGraphs":true,"m_FxEnabled":true},"in2DMode":false,"pivot":{"x":2.6464295387268068,"y":-0.8221235275268555,"z":1.3176512718200684},"rotation":{"x":0.1456952840089798,"y":0.42339441180229189,"z":-0.06919645518064499,"w":0.8914725184440613},"size":2.9025731086730959,"orthographic":false}